ResID;Chinese_Simplified;Chinese_Traditional;Japanese;Korean;English;French;German;Italian;Dutch;Portuguese;Spanish;Swedish;Czech;Danish;Polish;Russian;Turkey;Hebrew;Thai;Hungarian;Romanian;Arabic
m26;睡眠;睡眠;すいみん;睡眠;Sleep;睡眠;睡眠;;;;;;;;;;;;;;;
m27;小时;小時;時間;小时;Hours;小时;小时;;;;;;;;;;;;;;;
m28;分钟;分鐘;分;分钟;Minutes;分钟;分钟;;;;;;;;;;;;;;;
m29;目标：;目標：;目標：;目标：;Objectives:;目标：;目标：;;;;;;;;;;;;;;;
m30;小时;小時;時間;小时;Hours;小时;小时;;;;;;;;;;;;;;;
m31;锻炼;鍛煉;鍛える;锻炼;Exercise;锻炼;锻炼;;;;;;;;;;;;;;;
m32;锻炼记录;鍛煉記錄;運動記録;锻炼记录;Exercise record;锻炼记录;锻炼记录;;;;;;;;;;;;;;;
m33;训练状态;訓練狀態;訓練状態;训练状态;Training status;训练状态;训练状态;;;;;;;;;;;;;;;
m34;心率;心率;心拍数;心率;Heart rate;心率;心率;;;;;;;;;;;;;;;
m35;血氧饱和度;血氧飽和度;酸素飽和度;血氧饱和度;Blood oxygen saturation;血氧饱和度;血氧饱和度;;;;;;;;;;;;;;;
m36;活动记录;活動記錄;活動記録;活动记录;Activity record;活动记录;活动记录;;;;;;;;;;;;;;;
m37;睡眠;睡眠;すいみん;睡眠;Sleep;睡眠;睡眠;;;;;;;;;;;;;;;
m38;压力;壓力;圧力;压力;Pressure;压力;压力;;;;;;;;;;;;;;;
m39;呼吸训练;呼吸訓練;呼吸訓練;呼吸训练;Breathing training;呼吸训练;呼吸训练;;;;;;;;;;;;;;;
m40;通话记录;通話記錄;通話記録;通话记录;Call log;通话记录;通话记录;;;;;;;;;;;;;;;
m41;常用联系人;常用聯繫人;一般的な連絡先;常用联系人;Common contacts;常用联系人;常用联系人;;;;;;;;;;;;;;;
m42;音乐;音樂;音楽;音乐;Music;音乐;音乐;;;;;;;;;;;;;;;
m43;海拔气压计;海拔氣壓計;高度気圧計;海拔气压计;Altitude barometer;海拔气压计;海拔气压计;;;;;;;;;;;;;;;
m44;指南计;指南計;ガイドメータ;指南计;Guidebook;指南计;指南计;;;;;;;;;;;;;;;
m45;信息;資訊;情報;信息;Information;信息;信息;;;;;;;;;;;;;;;
m46;天气;天氣;天気;天气;Weather;天气;天气;;;;;;;;;;;;;;;
m47;卡包;卡包;カードケース;卡包;Card Pack;卡包;卡包;;;;;;;;;;;;;;;
m48;支付宝;支付寶;支付宝;支付宝;Alipay;支付宝;支付宝;;;;;;;;;;;;;;;
m49;秒表;碼錶;ストップウォッチ;秒表;Stopwatch;秒表;秒表;;;;;;;;;;;;;;;
m50;计时器;計時器;タイマー;计时器;Timer;计时器;计时器;;;;;;;;;;;;;;;
m51;闹钟;鬧鐘;目覚まし時計;闹钟;Alarm clock;闹钟;闹钟;;;;;;;;;;;;;;;
m52;手电筒;手電筒;懐中電灯;手电筒;Flashlight;手电筒;手电筒;;;;;;;;;;;;;;;
m53;找手机;找手機;携帯電話を探す;找手机;Looking for a cell phone;找手机;找手机;;;;;;;;;;;;;;;
m54;设置;設置;設定;设置;Settings;设置;设置;;;;;;;;;;;;;;;
m55;睡眠;睡眠;すいみん;睡眠;Sleep;睡眠;睡眠;;;;;;;;;;;;;;;
m56;小时;小時;時間;小时;Hours;小时;小时;;;;;;;;;;;;;;;
m57;分钟;分鐘;分;分钟;Minutes;分钟;分钟;;;;;;;;;;;;;;;
m58;目标：;目標：;目標：;目标：;Objectives:;目标：;目标：;;;;;;;;;;;;;;;
m59;小时;小時;時間;小时;Hours;小时;小时;;;;;;;;;;;;;;;
m60;锻炼;鍛煉;鍛える;锻炼;Exercise;锻炼;锻炼;;;;;;;;;;;;;;;
m61;锻炼记录;鍛煉記錄;運動記録;锻炼记录;Exercise record;锻炼记录;锻炼记录;;;;;;;;;;;;;;;
m62;训练状态;訓練狀態;訓練状態;训练状态;Training status;训练状态;训练状态;;;;;;;;;;;;;;;
m63;心率;心率;心拍数;心率;Heart rate;心率;心率;;;;;;;;;;;;;;;
m64;血氧饱和度;血氧飽和度;酸素飽和度;血氧饱和度;Blood oxygen saturation;血氧饱和度;血氧饱和度;;;;;;;;;;;;;;;
m65;活动记录;活動記錄;活動記録;活动记录;Activity record;活动记录;活动记录;;;;;;;;;;;;;;;
m66;睡眠;睡眠;すいみん;睡眠;Sleep;睡眠;睡眠;;;;;;;;;;;;;;;
m67;压力;壓力;圧力;压力;Pressure;压力;压力;;;;;;;;;;;;;;;
m68;呼吸训练;呼吸訓練;呼吸訓練;呼吸训练;Breathing training;呼吸训练;呼吸训练;;;;;;;;;;;;;;;
m69;通话记录;通話記錄;通話記録;通话记录;Call log;通话记录;通话记录;;;;;;;;;;;;;;;
m70;常用联系人;常用聯繫人;一般的な連絡先;常用联系人;Common contacts;常用联系人;常用联系人;;;;;;;;;;;;;;;
m71;音乐;音樂;音楽;音乐;Music;音乐;音乐;;;;;;;;;;;;;;;
m72;海拔气压计;海拔氣壓計;高度気圧計;海拔气压计;Altitude barometer;海拔气压计;海拔气压计;;;;;;;;;;;;;;;
m73;指南计;指南計;ガイドメータ;指南计;Guidebook;指南计;指南计;;;;;;;;;;;;;;;
m74;信息;資訊;情報;信息;Information;信息;信息;;;;;;;;;;;;;;;
m75;天气;天氣;天気;天气;Weather;天气;天气;;;;;;;;;;;;;;;
m76;卡包;卡包;カードケース;卡包;Card Pack;卡包;卡包;;;;;;;;;;;;;;;
m77;支付宝;支付寶;支付宝;支付宝;Alipay;支付宝;支付宝;;;;;;;;;;;;;;;
m78;秒表;碼錶;ストップウォッチ;秒表;Stopwatch;秒表;秒表;;;;;;;;;;;;;;;
m79;计时器;計時器;タイマー;计时器;Timer;计时器;计时器;;;;;;;;;;;;;;;
m80;闹钟;鬧鐘;目覚まし時計;闹钟;Alarm clock;闹钟;闹钟;;;;;;;;;;;;;;;
m81;手电筒;手電筒;懐中電灯;手电筒;Flashlight;手电筒;手电筒;;;;;;;;;;;;;;;
m82;找手机;找手機;携帯電話を探す;找手机;Looking for a cell phone;找手机;找手机;;;;;;;;;;;;;;;
m83;设置;設置;設定;设置;Settings;设置;设置;;;;;;;;;;;;;;;
m84;蓝牙;藍牙;Bluetooth;蓝牙;Bluetooth;蓝牙;蓝牙;;;;;;;;;;;;;;;
m85;发射器;發射器;送信機;发射器;Transmitter;发射器;发射器;;;;;;;;;;;;;;;
m86;搜索;搜索;検索;搜索;Search;搜索;搜索;;;;;;;;;;;;;;;
m87;退出;退出;退出;退出;Exit;退出;退出;;;;;;;;;;;;;;;
m88;本地播放;本地播放;ローカル再生;本地播放;Local Play;本地播放;本地播放;;;;;;;;;;;;;;;
m89;配对记录;配對記錄;ペアレコード;配对记录;Pairing record;配对记录;配对记录;;;;;;;;;;;;;;;
m90;同步通讯录;同步通訊錄;どうきアドレス帳;同步通讯录;Synchronize address book;同步通讯录;同步通讯录;;;;;;;;;;;;;;;
m91;是;是;はい;是;YES;是;是;;;;;;;;;;;;;;;
m92;否;否;いいえ;否;NO;否;否;;;;;;;;;;;;;;;
m93;设定;設定;設定;设定;Settings;设定;设定;;;;;;;;;;;;;;;
m94;手表音乐;手錶音樂;時計音楽;手表音乐;Watch music;手表音乐;手表音乐;;;;;;;;;;;;;;;
m95;手机音乐;手機音樂;携帯音楽;手机音乐;Mobile phone music;手机音乐;手机音乐;;;;;;;;;;;;;;;
m96;蓝牙耳机;藍牙耳機;Bluetoothヘッドセット;蓝牙耳机;Bluetooth headset;蓝牙耳机;蓝牙耳机;;;;;;;;;;;;;;;
m97;新设备;新設備;新しいデバイス;新设备;New equipment;新设备;新设备;;;;;;;;;;;;;;;
m98;已连接;已連接;接続済み;已连接;Connected;已连接;已连接;;;;;;;;;;;;;;;
m99;已断开;已斷開;切断されました;已断开;Disconnected;已断开;已断开;;;;;;;;;;;;;;;
m100;搜寻中;搜尋中;捜索中;搜寻中;In search;搜寻中;搜寻中;;;;;;;;;;;;;;;
m101;搜寻完成;搜尋完成;検索完了;搜寻完成;Search complete;搜寻完成;搜寻完成;;;;;;;;;;;;;;;
m102;重试;重試;再試行;重试;Retry;重试;重试;;;;;;;;;;;;;;;
m103;配对要求;配對要求;たいごうようけん;配对要求;Pairing requirements;配对要求;配对要求;;;;;;;;;;;;;;;
m104;确定;確定;確定;确定;Determine;确定;确定;;;;;;;;;;;;;;;
m105;配对中;配對中;ペアで;配对中;In pairing;配对中;配对中;;;;;;;;;;;;;;;
m106;配对成功;配對成功;ペアリング成功;配对成功;Pairing successful;配对成功;配对成功;;;;;;;;;;;;;;;
m107;配对失败;配對失敗;ペアリングに失敗しました;配对失败;Pairing failed;配对失败;配对失败;;;;;;;;;;;;;;;
m108;中断连接;中斷連接;接続を切断する;中断连接;Disconnect;中断连接;中断连接;;;;;;;;;;;;;;;
m109;重新连接;重新連接;再接続;重新连接;Reconnect;重新连接;重新连接;;;;;;;;;;;;;;;
m110;解除配对;解除配對;ペアリング解除;解除配对;Unpaired;解除配对;解除配对;;;;;;;;;;;;;;;
m111;音乐列表;音樂列表;音楽リスト;音乐列表;Music list;音乐列表;音乐列表;;;;;;;;;;;;;;;
m112;全部清除;全部清除;すべてクリア;全部清除;Clear All;全部清除;全部清除;;;;;;;;;;;;;;;
m113;删除音乐;刪除音樂;音楽を削除;删除音乐;Delete music;删除音乐;删除音乐;;;;;;;;;;;;;;;
m114;文件传输;檔傳輸;ファイル転送;文件传输;File transfer;文件传输;文件传输;;;;;;;;;;;;;;;
m115;文件删除;檔刪除;ファイル削除;文件删除;File deletion;文件删除;文件删除;;;;;;;;;;;;;;;
m116;背景图片;背景圖片;背景画像;背景图片;Background picture;背景图片;背景图片;;;;;;;;;;;;;;;
m117;请插入设备;請插入設備;デバイスを挿入してください;请插入设备;Please insert the device;请插入设备;请插入设备;;;;;;;;;;;;;;;
m118;PC模式;PC模式;PCモード;PC模式;PC mode;PC模式;PC模式;;;;;;;;;;;;;;;
m119;PC模式;PC模式;PCモード;PC模式;PC mode;PC模式;PC模式;;;;;;;;;;;;;;;
m120;1;1;1;1;1;1;1;;;;;;;;;;;;;;;
m121;3;3;3;3;3;3;3;;;;;;;;;;;;;;;
m122;5;5;5;5;5;5;5;;;;;;;;;;;;;;;
m123;10;10;10;10;10;10;10;;;;;;;;;;;;;;;
m124;15;15;15;15;15;15;15;;;;;;;;;;;;;;;
m125;30;30;30;30;30;30;30;;;;;;;;;;;;;;;
m126;2;2;2;2;2;2;2;;;;;;;;;;;;;;;
m127;设置时间;設置時間;時間の設定;设置时间;Set time;设置时间;设置时间;;;;;;;;;;;;;;;
m128;自定义;自定義;カスタマイズ;自定义;Custom;自定义;自定义;;;;;;;;;;;;;;;
m129;确定;確定;確定;确定;Determine;确定;确定;;;;;;;;;;;;;;;
m130;:;:;:;:;:;:;:;;;;;;;;;;;;;;;
m131;1;1;1;1;1;1;1;;;;;;;;;;;;;;;
m132;2;2;2;2;2;2;2;;;;;;;;;;;;;;;
m133;3;3;3;3;3;3;3;;;;;;;;;;;;;;;
m134;4;4;4;4;4;4;4;;;;;;;;;;;;;;;
m135;5;5;5;5;5;5;5;;;;;;;;;;;;;;;
m136;6;6;6;6;6;6;6;;;;;;;;;;;;;;;
m137;7;7;7;7;7;7;7;;;;;;;;;;;;;;;;;;;;;;;;;;;;;;;;;;;;;;;;;;;;;;;;;;;;;;;;;;;;;;;;;;;;;;;;;;;;;;;;;;;;;;;;;;;;;;;;;;;;;;;;;;;;;;;;;;;;;;;;;;;;;;;;;;;;;;;;;;;;;;;;;;;;;;;;;;;;;;;;;;;;;;;;;;;;;;;;;;;;;;;;;;;;;;;;;;;;;;;;;;;;;;;;;;;;;;;;;;;;;;;;;;;;;;;;;;;;;;;;;;;;;;;;
m138;8;8;8;8;8;8;8;;;;;;;;;;;;;;;;;;;;;;;;;;;;;;;;;;;;;;;;;;;;;;;;;;;;;;;;;;;;;;;;;;;;;;;;;;;;;;;;;;;;;;;;;;;;;;;;;;;;;;;;;;;;;;;;;;;;;;;;;;;;;;;;;;;;;;;;;;;;;;;;;;;;;;;;;;;;;;;;;;;;;;;;;;;;;;;;;;;;;;;;;;;;;;;;;;;;;;;;;;;;;;;;;;;;;;;;;;;;;;;;;;;;;;;;;;;;;;;;;;;;;;;;
m139;9;9;9;9;9;9;9;;;;;;;;;;;;;;;;;;;;;;;;;;;;;;;;;;;;;;;;;;;;;;;;;;;;;;;;;;;;;;;;;;;;;;;;;;;;;;;;;;;;;;;;;;;;;;;;;;;;;;;;;;;;;;;;;;;;;;;;;;;;;;;;;;;;;;;;;;;;;;;;;;;;;;;;;;;;;;;;;;;;;;;;;;;;;;;;;;;;;;;;;;;;;;;;;;;;;;;;;;;;;;;;;;;;;;;;;;;;;;;;;;;;;;;;;;;;;;;;;;;;;;;;
m140;10;10;10;10;10;10;10;;;;;;;;;;;;;;;;;;;;;;;;;;;;;;;;;;;;;;;;;;;;;;;;;;;;;;;;;;;;;;;;;;;;;;;;;;;;;;;;;;;;;;;;;;;;;;;;;;;;;;;;;;;;;;;;;;;;;;;;;;;;;;;;;;;;;;;;;;;;;;;;;;;;;;;;;;;;;;;;;;;;;;;;;;;;;;;;;;;;;;;;;;;;;;;;;;;;;;;;;;;;;;;;;;;;;;;;;;;;;;;;;;;;;;;;;;;;;;;;;;;;;;;;
m141;11;11;11;11;11;11;11;;;;;;;;;;;;;;;;;;;;;;;;;;;;;;;;;;;;;;;;;;;;;;;;;;;;;;;;;;;;;;;;;;;;;;;;;;;;;;;;;;;;;;;;;;;;;;;;;;;;;;;;;;;;;;;;;;;;;;;;;;;;;;;;;;;;;;;;;;;;;;;;;;;;;;;;;;;;;;;;;;;;;;;;;;;;;;;;;;;;;;;;;;;;;;;;;;;;;;;;;;;;;;;;;;;;;;;;;;;;;;;;;;;;;;;;;;;;;;;;;;;;;;;;
m142;12;12;12;12;12;12;12;;;;;;;;;;;;;;;;;;;;;;;;;;;;;;;;;;;;;;;;;;;;;;;;;;;;;;;;;;;;;;;;;;;;;;;;;;;;;;;;;;;;;;;;;;;;;;;;;;;;;;;;;;;;;;;;;;;;;;;;;;;;;;;;;;;;;;;;;;;;;;;;;;;;;;;;;;;;;;;;;;;;;;;;;;;;;;;;;;;;;;;;;;;;;;;;;;;;;;;;;;;;;;;;;;;;;;;;;;;;;;;;;;;;;;;;;;;;;;;;;;;;;;;;
m143;13;13;13;13;13;13;13;;;;;;;;;;;;;;;;;;;;;;;;;;;;;;;;;;;;;;;;;;;;;;;;;;;;;;;;;;;;;;;;;;;;;;;;;;;;;;;;;;;;;;;;;;;;;;;;;;;;;;;;;;;;;;;;;;;;;;;;;;;;;;;;;;;;;;;;;;;;;;;;;;;;;;;;;;;;;;;;;;;;;;;;;;;;;;;;;;;;;;;;;;;;;;;;;;;;;;;;;;;;;;;;;;;;;;;;;;;;;;;;;;;;;;;;;;;;;;;;;;;;;;;;
m144;14;14;14;14;14;14;14;;;;;;;;;;;;;;;;;;;;;;;;;;;;;;;;;;;;;;;;;;;;;;;;;;;;;;;;;;;;;;;;;;;;;;;;;;;;;;;;;;;;;;;;;;;;;;;;;;;;;;;;;;;;;;;;;;;;;;;;;;;;;;;;;;;;;;;;;;;;;;;;;;;;;;;;;;;;;;;;;;;;;;;;;;;;;;;;;;;;;;;;;;;;;;;;;;;;;;;;;;;;;;;;;;;;;;;;;;;;;;;;;;;;;;;;;;;;;;;;;;;;;;;;
m145;15;15;15;15;15;15;15;;;;;;;;;;;;;;;;;;;;;;;;;;;;;;;;;;;;;;;;;;;;;;;;;;;;;;;;;;;;;;;;;;;;;;;;;;;;;;;;;;;;;;;;;;;;;;;;;;;;;;;;;;;;;;;;;;;;;;;;;;;;;;;;;;;;;;;;;;;;;;;;;;;;;;;;;;;;;;;;;;;;;;;;;;;;;;;;;;;;;;;;;;;;;;;;;;;;;;;;;;;;;;;;;;;;;;;;;;;;;;;;;;;;;;;;;;;;;;;;;;;;;;;;
m146;16;16;16;16;16;16;16;;;;;;;;;;;;;;;;;;;;;;;;;;;;;;;;;;;;;;;;;;;;;;;;;;;;;;;;;;;;;;;;;;;;;;;;;;;;;;;;;;;;;;;;;;;;;;;;;;;;;;;;;;;;;;;;;;;;;;;;;;;;;;;;;;;;;;;;;;;;;;;;;;;;;;;;;;;;;;;;;;;;;;;;;;;;;;;;;;;;;;;;;;;;;;;;;;;;;;;;;;;;;;;;;;;;;;;;;;;;;;;;;;;;;;;;;;;;;;;;;;;;;;;;
m147;17;17;17;17;17;17;17;;;;;;;;;;;;;;;;;;;;;;;;;;;;;;;;;;;;;;;;;;;;;;;;;;;;;;;;;;;;;;;;;;;;;;;;;;;;;;;;;;;;;;;;;;;;;;;;;;;;;;;;;;;;;;;;;;;;;;;;;;;;;;;;;;;;;;;;;;;;;;;;;;;;;;;;;;;;;;;;;;;;;;;;;;;;;;;;;;;;;;;;;;;;;;;;;;;;;;;;;;;;;;;;;;;;;;;;;;;;;;;;;;;;;;;;;;;;;;;;;;;;;;;;
m148;18;18;18;18;18;18;18;;;;;;;;;;;;;;;;;;;;;;;;;;;;;;;;;;;;;;;;;;;;;;;;;;;;;;;;;;;;;;;;;;;;;;;;;;;;;;;;;;;;;;;;;;;;;;;;;;;;;;;;;;;;;;;;;;;;;;;;;;;;;;;;;;;;;;;;;;;;;;;;;;;;;;;;;;;;;;;;;;;;;;;;;;;;;;;;;;;;;;;;;;;;;;;;;;;;;;;;;;;;;;;;;;;;;;;;;;;;;;;;;;;;;;;;;;;;;;;;;;;;;;;;
m149;19;19;19;19;19;19;19;;;;;;;;;;;;;;;;;;;;;;;;;;;;;;;;;;;;;;;;;;;;;;;;;;;;;;;;;;;;;;;;;;;;;;;;;;;;;;;;;;;;;;;;;;;;;;;;;;;;;;;;;;;;;;;;;;;;;;;;;;;;;;;;;;;;;;;;;;;;;;;;;;;;;;;;;;;;;;;;;;;;;;;;;;;;;;;;;;;;;;;;;;;;;;;;;;;;;;;;;;;;;;;;;;;;;;;;;;;;;;;;;;;;;;;;;;;;;;;;;;;;;;;;
m150;20;20;20;20;20;20;20;;;;;;;;;;;;;;;;;;;;;;;;;;;;;;;;;;;;;;;;;;;;;;;;;;;;;;;;;;;;;;;;;;;;;;;;;;;;;;;;;;;;;;;;;;;;;;;;;;;;;;;;;;;;;;;;;;;;;;;;;;;;;;;;;;;;;;;;;;;;;;;;;;;;;;;;;;;;;;;;;;;;;;;;;;;;;;;;;;;;;;;;;;;;;;;;;;;;;;;;;;;;;;;;;;;;;;;;;;;;;;;;;;;;;;;;;;;;;;;;;;;;;;;;
m151;21;21;21;21;21;21;21;;;;;;;;;;;;;;;;;;;;;;;;;;;;;;;;;;;;;;;;;;;;;;;;;;;;;;;;;;;;;;;;;;;;;;;;;;;;;;;;;;;;;;;;;;;;;;;;;;;;;;;;;;;;;;;;;;;;;;;;;;;;;;;;;;;;;;;;;;;;;;;;;;;;;;;;;;;;;;;;;;;;;;;;;;;;;;;;;;;;;;;;;;;;;;;;;;;;;;;;;;;;;;;;;;;;;;;;;;;;;;;;;;;;;;;;;;;;;;;;;;;;;;;;
m152;22;22;22;22;22;22;22;;;;;;;;;;;;;;;;;;;;;;;;;;;;;;;;;;;;;;;;;;;;;;;;;;;;;;;;;;;;;;;;;;;;;;;;;;;;;;;;;;;;;;;;;;;;;;;;;;;;;;;;;;;;;;;;;;;;;;;;;;;;;;;;;;;;;;;;;;;;;;;;;;;;;;;;;;;;;;;;;;;;;;;;;;;;;;;;;;;;;;;;;;;;;;;;;;;;;;;;;;;;;;;;;;;;;;;;;;;;;;;;;;;;;;;;;;;;;;;;;;;;;;;;
m153;23;23;23;23;23;23;23;;;;;;;;;;;;;;;;;;
m154;24;24;24;24;24;24;24;;;;;;;;;;;;;;;;;;
m155;25;25;25;25;25;25;25;;;;;;;;;;;;;;;;;;
m156;26;26;26;26;26;26;26;;;;;;;;;;;;;;;;;;
m157;27;27;27;27;27;27;27;;;;;;;;;;;;;;;;;;
m158;28;28;28;28;28;28;28;;;;;;;;;;;;;;;;;;
m159;29;29;29;29;29;29;29;;;;;;;;;;;;;;;;;;
m160;30;30;30;30;30;30;30;;;;;;;;;;;;;;;;;;
m161;31;31;31;31;31;31;31;;;;;;;;;;;;;;;;;;
m162;32;32;32;32;32;32;32;;;;;;;;;;;;;;;;;;
m163;33;33;33;33;33;33;33;;;;;;;;;;;;;;;;;;
m164;34;34;34;34;34;34;34;;;;;;;;;;;;;;;;;;
m165;35;35;35;35;35;35;35;;;;;;;;;;;;;;;;;;
m166;36;36;36;36;36;36;36;;;;;;;;;;;;;;;;;;
m167;37;37;37;37;37;37;37;;;;;;;;;;;;;;;;;;
m168;38;38;38;38;38;38;38;;;;;;;;;;;;;;;;;;
m169;39;39;39;39;39;39;39;;;;;;;;;;;;;;;
m170;40;40;40;40;40;40;40;;;;;;;;;;;;;;;
m171;41;41;41;41;41;41;41;;;;;;;;;;;;;;;
m172;42;42;42;42;42;42;42;;;;;;;;;;;;;;;
m173;43;43;43;43;43;43;43;;;;;;;;;;;;;;;
m174;44;44;44;44;44;44;44;;;;;;;;;;;;;;;
m175;45;45;45;45;45;45;45;;;;;;;;;;;;;;;
m176;46;46;46;46;46;46;46;;;;;;;;;;;;;;;
m177;47;47;47;47;47;47;47;;;;;;;;;;;;;;;
m178;48;48;48;48;48;48;48;;;;;;;;;;;;;;;
m179;49;49;49;49;49;49;49;;;;;;;;;;;;;;;
m180;50;50;50;50;50;50;50;;;;;;;;;;;;;;;
m181;51;51;51;51;51;51;51;;;;;;;;;;;;;;;
m182;52;52;52;52;52;52;52;;;;;;;;;;;;;;;
m183;53;53;53;53;53;53;53;;;;;;;;;;;;;;;
m184;54;54;54;54;54;54;54;;;;;;;;;;;;;;;
m185;55;55;55;55;55;55;55;;;;;;;;;;;;;;;
m186;56;56;56;56;56;56;56;;;;;;;;;;;;;;;
m187;57;57;57;57;57;57;57;;;;;;;;;;;;;;;
m188;58;58;58;58;58;58;58;;;;;;;;;;;;;;;
m189;59;59;59;59;59;59;59;;;;;;;;;;;;;;;
m190;自定义;自定義;カスタマイズ;自定义;Custom;自定义;自定义;;;;;;;;;;;;;;;
m191;心率;心率;心拍数;心率;Heart rate;心率;心率;;;;;;;;;;;;;;;
m192;电量;電量;電気量;电量;Electricity;电量;电量;;;;;;;;;;;;;;;
m193;天气;天氣;天気;天气;Weather;天气;天气;;;;;;;;;;;;;;;
m194;压力;壓力;圧力;压力;Pressure;压力;压力;;;;;;;;;;;;;;;
m195;步数;步數;ステップ数;步数;Number of Steps;步数;步数;;;;;;;;;;;;;;;
m196;中高强度;中高強度;中高強度;中高强度;Medium and high strength;中高强度;中高强度;;;;;;;;;;;;;;;
m197;活动小时数;活動小時數;活動時間;活动小时数;Activity hours;活动小时数;活动小时数;;;;;;;;;;;;;;;
m198;热量;熱量;熱量;热量;Heat;热量;热量;;;;;;;;;;;;;;;
m199;气压;氣壓;気圧;气压;Air pressure;气压;气压;;;;;;;;;;;;;;;
m200;海拔;海拔;高度;海拔;Altitude;海拔;海拔;;;;;;;;;;;;;;;
m201;最大涉氧量;最大涉氧量;最大酸素量;最大涉氧量;Maximum oxygen involved;最大涉氧量;最大涉氧量;;;;;;;;;;;;;;;
m202;日期;日期;日付;日期;Date;日期;日期;;;;;;;;;;;;;;;
m203;双时区;雙時區;デュアルタイムゾーン;双时区;Double time zone;双时区;双时区;;;;;;;;;;;;;;;
m204;不显示;不顯示;表示しない;不显示;Not displayed;不显示;不显示;;;;;;;;;;;;;;;
m205;屏幕显示;螢幕顯示;画面表示;屏幕显示;Screen display;屏幕显示;屏幕显示;;;;;;;;;;;;;;;
m206;蓝牙耳机;藍牙耳機;Bluetoothヘッドセット;蓝牙耳机;Bluetooth headset;蓝牙耳机;蓝牙耳机;;;;;;;;;;;;;;;
m207;声音设置;聲音設置;サウンド設定;声音设置;Sound settings;声音设置;声音设置;;;;;;;;;;;;;;;
m208;振动强度;振動強度;しんどうきょうど;振动强度;Vibration intensity;振动强度;振动强度;;;;;;;;;;;;;;;
m209;勿扰模式;勿擾模式;スクランブルしないモード;勿扰模式;Do not disturb mode;勿扰模式;勿扰模式;;;;;;;;;;;;;;;
m210;下键设置;下鍵設置;下キーの設定;下键设置;Lower key setting;下键设置;下键设置;;;;;;;;;;;;;;;
m211;智慧语音;智慧語音;スマートボイス;智慧语音;Intelligent speech;智慧语音;智慧语音;;;;;;;;;;;;;;;
m212;密码;密碼;パスワード;密码;Password;密码;密码;;;;;;;;;;;;;;;
m213;锻炼设置;鍛煉設置;エクササイズ設定;锻炼设置;Exercise settings;锻炼设置;锻炼设置;;;;;;;;;;;;;;;
m214;一碰传;一碰傳;ふいに伝える;一碰传;One touch pass;一碰传;一碰传;;;;;;;;;;;;;;;
m215;系统菜单;系統菜單;システムメニュー;系统菜单;System menu;系统菜单;系统菜单;;;;;;;;;;;;;;;
m216;使用指南;使用指南;使い方ガイド;使用指南;Guidelines for Use;使用指南;使用指南;;;;;;;;;;;;;;;
m217;关于;關於;について;关于;About;关于;关于;;;;;;;;;;;;;;;
m218;设置;設置;設定;设置;Settings;设置;设置;;;;;;;;;;;;;;;
m219;无;無;なし;无;nothing;无;无;;;;;;;;;;;;;;;
m220;弱;弱;弱い;弱;weak;弱;弱;;;;;;;;;;;;;;;
m221;强;強;強い;强;strong;强;强;;;;;;;;;;;;;;;
m222;未激活;未啟動;アクティブではありません;未激活;Not activated;未激活;未激活;;;;;;;;;;;;;;;
m223;激活;啟動;アクティブ化;激活;Activation;激活;激活;;;;;;;;;;;;;;;
m224;更换表盘;更換錶盤;文字盤を取り替える;更换表盘;Replace the dial;更换表盘;更换表盘;;;;;;;;;;;;;;;
m225;待机表盘;待機錶盤;スタンバイダイヤル;待机表盘;Standby dial;待机表盘;待机表盘;;;;;;;;;;;;;;;
m226;卡片设置;卡片設置;カードの設定;卡片设置;Card setting;卡片设置;卡片设置;;;;;;;;;;;;;;;
m227;调整亮度;調整亮度;輝度の調整;调整亮度;Adjust brightness;调整亮度;调整亮度;;;;;;;;;;;;;;;
m228;高级设置;高級設置;詳細設定;高级设置;Advanced settings;高级设置;高级设置;;;;;;;;;;;;;;;
m229;自动;自動;自動;自动;Automatic;自动;自动;;;;;;;;;;;;;;;
m230;铃声大小;鈴聲大小;ベルのサイズ;铃声大小;Ringtone size;铃声大小;铃声大小;;;;;;;;;;;;;;;
m231;静音模式;靜音模式;ミュートモード;静音模式;Mute mode;静音模式;静音模式;;;;;;;;;;;;;;;
m232;;;;;;;;;;;;;;;;;;;;;;
m233;强;強;強い;强;strong;强;强;;;;;;;;;;;;;;;
m234;弱;弱;弱い;弱;weak;弱;弱;;;;;;;;;;;;;;;
m235;无;無;なし;无;nothing;无;无;;;;;;;;;;;;;;;
m236;强;強;強い;强;strong;强;强;;;;;;;;;;;;;;;
m237;弱;弱;弱い;弱;weak;弱;弱;;;;;;;;;;;;;;;
m238;无;無;なし;无;nothing;无;无;;;;;;;;;;;;;;;
m239;全天勿扰;全天勿擾;終日邪魔するな;全天勿扰;Do not disturb all day long;全天勿扰;全天勿扰;;;;;;;;;;;;;;;
m240;定时勿扰;定時勿擾;時間を刻むと邪魔にならない;定时勿扰;Timing do not disturb;定时勿扰;定时勿扰;;;;;;;;;;;;;;;
m241;开始时间;開始時間;開始時間;开始时间;Start time;开始时间;开始时间;;;;;;;;;;;;;;;
m242;结束时间;結束時間;終了時間;结束时间;End time;结束时间;结束时间;;;;;;;;;;;;;;;
m243;设备名称;設備名稱;デバイス名;设备名称;Equipment name;设备名称;设备名称;;;;;;;;;;;;;;;
m244;型号;型號;モデル;型号;Model;型号;型号;;;;;;;;;;;;;;;
m245;MAC地址;MAC地址;MACアドレス;MAC地址;MAC address;MAC地址;MAC地址;;;;;;;;;;;;;;;
m246;版本号;版本號;バージョン番号;版本号;Version number;版本号;版本号;;;;;;;;;;;;;;;
m247;序列号;序列號;シリアル番号;序列号;Serial number;序列号;序列号;;;;;;;;;;;;;;;
m248;监管信息;監管資訊;規制情報;监管信息;Regulatory information;监管信息;监管信息;;;;;;;;;;;;;;;
m249;高度计;高度計;高度計;高度计;Altimeter;高度计;高度计;;;;;;;;;;;;;;;
m250;血氧;血氧;血液酸素;血氧;Blood oxygen;血氧;血氧;;;;;;;;;;;;;;;
m251;气压计;氣壓計;気圧計;气压计;barometer;气压计;气压计;;;;;;;;;;;;;;;
m252;选择卡片;選擇卡片;せんたくカード;选择卡片;Select card;选择卡片;选择卡片;;;;;;;;;;;;;;;
m253;添加卡片;添加卡片;カードを追加;添加卡片;Add card;添加卡片;添加卡片;;;;;;;;;;;;;;;
m254;自动;自動;自動;自动;Automatic;自动;自动;;;;;;;;;;;;;;;
m255;1;1;1;1;1;1;1;;;;;;;;;;;;;;;
m256;2;2;2;2;2;2;2;;;;;;;;;;;;;;;
m257;3;3;3;3;3;3;3;;;;;;;;;;;;;;;
m258;4;4;4;4;4;4;4;;;;;;;;;;;;;;;
m259;5;5;5;5;5;5;5;;;;;;;;;;;;;;;
m260;熄屏时间;熄屏時間;しょうめいじかん;熄屏时间;Screen extinguishing time;熄屏时间;熄屏时间;;;;;;;;;;;;;;;
m261;常亮时刻;常亮時刻;常時点灯時刻;常亮时刻;Always bright moment;常亮时刻;常亮时刻;;;;;;;;;;;;;;;
m262;10;10;10;10;10.000000;10;10;;;;;;;;;;;;;;;
m263;15;15;15;15;15;15;15;;;;;;;;;;;;;;;
m264;20;20;20;20;20;20;20;;;;;;;;;;;;;;;
m265;10秒;10秒;10秒;10秒;10 seconds;10秒;10秒;;;;;;;;;;;;;;;
m266;15秒;15秒;15秒;15秒;15 seconds;15秒;15秒;;;;;;;;;;;;;;;
m267;20秒;20秒;20秒;20秒;20 seconds;20秒;20秒;;;;;;;;;;;;;;;
m268;5分钟;5分鐘;5分;5分钟;5 minutes;5分钟;5分钟;;;;;;;;;;;;;;;
m269;10分钟;10分鐘;10分;10分钟;10 minutes;10分钟;10分钟;;;;;;;;;;;;;;;
m270;15分钟;15分鐘;15分;15分钟;15 minutes;15分钟;15分钟;;;;;;;;;;;;;;;
m271;20分钟;20分鐘;20分;20分钟;20 minutes;20分钟;20分钟;;;;;;;;;;;;;;;
m272;10秒;10秒;10秒;10秒;10 seconds;10秒;10秒;;;;;;;;;;;;;;;
m273;15秒;15秒;15秒;15秒;15 seconds;15秒;15秒;;;;;;;;;;;;;;;
m274;20秒;20秒;20秒;20秒;20 seconds;20秒;20秒;;;;;;;;;;;;;;;
m275;5分钟;5分鐘;5分;5分钟;5 minutes;5分钟;5分钟;;;;;;;;;;;;;;;
m276;10分钟;10分鐘;10分;10分钟;10 minutes;10分钟;10分钟;;;;;;;;;;;;;;;
m277;15分钟;15分鐘;15分;15分钟;15 minutes;15分钟;15分钟;;;;;;;;;;;;;;;
m278;20分钟;20分鐘;20分;20分钟;20 minutes;20分钟;20分钟;;;;;;;;;;;;;;;
m279;亮屏时间越长，续航时间越短。确定使用？;亮屏時間越長，續航時間越短。確定使用？;点灯時間が長いほど、持続時間は短くなります。使用を確定しますか？;亮屏时间越长，续航时间越短。确定使用？;The longer the bright screen time, the shorter the battery life. Are you sure to use?;亮屏时间越长，续航时间越短。确定使用？;亮屏时间越长，续航时间越短。确定使用？;;;;;;;;;;;;;;;
m280;0;0;0.000000;0;0;0;0;;;;;;;;;;;;;;;
m281;提示音;提示音;ヒントトーン;提示音;Tone;提示音;提示音;;;;;;;;;;;;;;;
m282;屏幕常亮;螢幕常亮;画面が常時点灯;屏幕常亮;The screen is always on.;屏幕常亮;屏幕常亮;;;;;;;;;;;;;;;
m283;自动识别;自動識別;運動状態を自動的に認識する;自动识别;Automatically identify exercise status;自动识别;自动识别;;;;;;;;;;;;;;;
m284;启用后，当手表感应到你在;啟用後，當手錶感應到你在;オンにすると、あなたが動いていることを時計が感知したり、運動を終了したりしたときにアラートが表示されます。スポーツタイプには、ウォーキング、ランニング、楕円マシン、ボート漕ぎなどがあります。;启用后，当手表感应到你在;When enabled, the watch will remind you when it senses that you are in motion or when you end it. Sports types include walking, running, elliptical and rowing machines.;启用后，当手表感应到你在;启用后，当手表感应到你在;;;;;;;;;;;;;;;
m285;已激活;已啟動;アクティブ;已激活;Activated;已激活;已激活;;;;;;;;;;;;;;;
m286;打开手机NFC，在手;打開手機NFC，在手;携帯電話のNFCをオンにし、携帯電話のアルバムで写真を選択すると、携帯電話の背中のNFCエリアが時計に密着し、文字盤が生成される。;打开手机NFC，在手;Turn on the NFC of the mobile phone, select photos in the photo album of the mobile phone, and the NFC area on the back of the mobile phone is close to the watch to generate a dial.;打开手机NFC，在手;打开手机NFC，在手;;;;;;;;;;;;;;;
m287;软件更新;軟體更新;ソフトウェアの更新;软件更新;Software update;软件更新;软件更新;;;;;;;;;;;;;;;
m288;重启;重啟;再起動;重启;Restart;重启;重启;;;;;;;;;;;;;;;
m289;关机;關機;シャットダウン;关机;Shutdown;关机;关机;;;;;;;;;;;;;;;
m290;连接新手机;連接新手機;新しい携帯電話を接続;连接新手机;Connect a new mobile phone;连接新手机;连接新手机;;;;;;;;;;;;;;;
m291;恢复出厂;恢復出廠;工場出荷を再開する;恢复出厂;Resume factory;恢复出厂;恢复出厂;;;;;;;;;;;;;;;
m292;正在检查;正在檢查;チェック中;正在检查;Checking;正在检查;正在检查;;;;;;;;;;;;;;;
m293;点击重启;點擊重啟;クリックして再起動;点击重启;Click Restart;点击重启;点击重启;;;;;;;;;;;;;;;
m294;更新失败;更新失敗;更新に失敗しました;更新失败;Update failed;更新失败;更新失败;;;;;;;;;;;;;;;
m295;已是最新版本;已是最新版本;最新バージョンになっています;已是最新版本;It is the latest version;已是最新版本;已是最新版本;;;;;;;;;;;;;;;
m296;版本号:;版本號:;バージョン番号：;版本号:;Version number:;版本号:;版本号:;;;;;;;;;;;;;;;
m297;检查更新;檢查更新;更新の確認;检查更新;Check for updates;检查更新;检查更新;;;;;;;;;;;;;;;;;;;;;;;;;;;;;;;;;;;;;;;;;;;;;;;;;;;;;;;;;;;;;;;;;;;;;;;;;;;;;;;;;;;;;;;;;;;;;;;;;;;;;;;;;;;;;;;;;;;;;;;;;;;;;;;;;;;;;;;;;;;;;;;;;;;;;;;;;;;;;;;;;;;;;;;;;;;;;;;;;;;;;;;;;;;;;;;;;;;;;;;;;;;;;;;;;;;;;;;;;;;;;;;;;;;;;;;;;;;;;;;;;;;;;;;;
m298;点击关机;點擊關機;クリックしてシャットダウン;点击关机;Click Shutdown;点击关机;点击关机;;;;;;;;;;;;;;;;;;;;;;;;;;;;;;;;;;;;;;;;;;;;;;;;;;;;;;;;;;;;;;;;;;;;;;;;;;;;;;;;;;;;;;;;;;;;;;;;;;;;;;;;;;;;;;;;;;;;;;;;;;;;;;;;;;;;;;;;;;;;;;;;;;;;;;;;;;;;;;;;;;;;;;;;;;;;;;;;;;;;;;;;;;;;;;;;;;;;;;;;;;;;;;;;;;;;;;;;;;;;;;;;;;;;;;;;;;;;;;;;;;;;;;;;
m299;恢复出厂将;恢復出廠將;出荷時に復元すると個人データが失われる;恢复出厂将;Restoring the factory will lose personal data.;恢复出厂将;恢复出厂将;;;;;;;;;;;;;;;;;;;;;;;;;;;;;;;;;;;;;;;;;;;;;;;;;;;;;;;;;;;;;;;;;;;;;;;;;;;;;;;;;;;;;;;;;;;;;;;;;;;;;;;;;;;;;;;;;;;;;;;;;;;;;;;;;;;;;;;;;;;;;;;;;;;;;;;;;;;;;;;;;;;;;;;;;;;;;;;;;;;;;;;;;;;;;;;;;;;;;;;;;;;;;;;;;;;;;;;;;;;;;;;;;;;;;;;;;;;;;;;;;;;;;;;;
m300;将断开当前已连接的;將斷開當前已連接的;現在接続されている携帯電話は切断され、個人データが失われることはありません。続行しますか。;将断开当前已连接的;The currently connected mobile phone will be disconnected and personal data will not be lost. Do you want to continue?;将断开当前已连接的;将断开当前已连接的;;;;;;;;;;;;;;;;;;;;;;;;;;;;;;;;;;;;;;;;;;;;;;;;;;;;;;;;;;;;;;;;;;;;;;;;;;;;;;;;;;;;;;;;;;;;;;;;;;;;;;;;;;;;;;;;;;;;;;;;;;;;;;;;;;;;;;;;;;;;;;;;;;;;;;;;;;;;;;;;;;;;;;;;;;;;;;;;;;;;;;;;;;;;;;;;;;;;;;;;;;;;;;;;;;;;;;;;;;;;;;;;;;;;;;;;;;;;;;;;;;;;;;;;
m301;配对;配對;ペアリング;配对;Pairing;配对;配对;;;;;;;;;;;;;;;;;;;;;;;;;;;;;;;;;;;;;;;;;;;;;;;;;;;;;;;;;;;;;;;;;;;;;;;;;;;;;;;;;;;;;;;;;;;;;;;;;;;;;;;;;;;;;;;;;;;;;;;;;;;;;;;;;;;;;;;;;;;;;;;;;;;;;;;;;;;;;;;;;;;;;;;;;;;;;;;;;;;;;;;;;;;;;;;;;;;;;;;;;;;;;;;;;;;;;;;;;;;;;;;;;;;;;;;;;;;;;;;;;;;;;;;;
m302;上滑扫码;上滑掃碼;すべりふごう;上滑扫码;Slip-up sweep code;上滑扫码;上滑扫码;;;;;;;;;;;;;;;;;;;;;;;;;;;;;;;;;;;;;;;;;;;;;;;;;;;;;;;;;;;;;;;;;;;;;;;;;;;;;;;;;;;;;;;;;;;;;;;;;;;;;;;;;;;;;;;;;;;;;;;;;;;;;;;;;;;;;;;;;;;;;;;;;;;;;;;;;;;;;;;;;;;;;;;;;;;;;;;;;;;;;;;;;;;;;;;;;;;;;;;;;;;;;;;;;;;;;;;;;;;;;;;;;;;;;;;;;;;;;;;;;;;;;;;;
m303;请在手机上下载杰理运动;請在手機上下載傑理運動;携帯電話にジェリースポーツヘルスアプリをダウンロードしてデバイスを追加してください：;请在手机上下载杰理运动;Please download Jerry Sports Health APP Add Equipment on your mobile phone:;请在手机上下载杰理运动;请在手机上下载杰理运动;;;;;;;;;;;;;;;;;;;;;;;;;;;;;;;;;;;;;;;;;;;;;;;;;;;;;;;;;;;;;;;;;;;;;;;;;;;;;;;;;;;;;;;;;;;;;;;;;;;;;;;;;;;;;;;;;;;;;;;;;;;;;;;;;;;;;;;;;;;;;;;;;;;;;;;;;;;;;;;;;;;;;;;;;;;;;;;;;;;;;;;;;;;;;;;;;;;;;;;;;;;;;;;;;;;;;;;;;;;;;;;;;;;;;;;;;;;;;;;;;;;;;;;;
m304;扫码配对;掃碼配對;コードペアリング;扫码配对;Sweep code pairing;扫码配对;扫码配对;;;;;;;;;;;;;;;;;;;;;;;;;;;;;;;;;;;;;;;;;;;;;;;;;;;;;;;;;;;;;;;;;;;;;;;;;;;;;;;;;;;;;;;;;;;;;;;;;;;;;;;;;;;;;;;;;;;;;;;;;;;;;;;;;;;;;;;;;;;;;;;;;;;;;;;;;;;;;;;;;;;;;;;;;;;;;;;;;;;;;;;;;;;;;;;;;;;;;;;;;;;;;;;;;;;;;;;;;;;;;;;;;;;;;;;;;;;;;;;;;;;;;;;;
m305;选择语言;選擇語言;言語の選択;选择语言;Select language;选择语言;选择语言;;;;;;;;;;;;;;;;;;;;;;;;;;;;;;;;;;;;;;;;;;;;;;;;;;;;;;;;;;;;;;;;;;;;;;;;;;;;;;;;;;;;;;;;;;;;;;;;;;;;;;;;;;;;;;;;;;;;;;;;;;;;;;;;;;;;;;;;;;;;;;;;;;;;;;;;;;;;;;;;;;;;;;;;;;;;;;;;;;;;;;;;;;;;;;;;;;;;;;;;;;;;;;;;;;;;;;;;;;;;;;;;;;;;;;;;;;;;;;;;;;;;;;;;
m306;简体中文;簡體中文;簡体字中国語;简体中文;Simplified Chinese;简体中文;简体中文;;;;;;;;;;;;;;;;;;;;;;;;;;;;;;;;;;;;;;;;;;;;;;;;;;;;;;;;;;;;;;;;;;;;;;;;;;;;;;;;;;;;;;;;;;;;;;;;;;;;;;;;;;;;;;;;;;;;;;;;;;;;;;;;;;;;;;;;;;;;;;;;;;;;;;;;;;;;;;;;;;;;;;;;;;;;;;;;;;;;;;;;;;;;;;;;;;;;;;;;;;;;;;;;;;;;;;;;;;;;;;;;;;;;;;;;;;;;;;;;;;;;;;;;
m307;English(UK);English(UK);English(UK);English(UK);English(UK);English(UK);English(UK);;;;;;;;;;;;;;;;;;;;;;;;;;;;;;;;;;;;;;;;;;;;;;;;;;;;;;;;;;;;;;;;;;;;;;;;;;;;;;;;;;;;;;;;;;;;;;;;;;;;;;;;;;;;;;;;;;;;;;;;;;;;;;;;;;;;;;;;;;;;;;;;;;;;;;;;;;;;;;;;;;;;;;;;;;;;;;;;;;;;;;;;;;;;;;;;;;;;;;;;;;;;;;;;;;;;;;;;;;;;;;;;;;;;;;;;;;;;;;;;;;;;;;;;
m308;Japan;Japan;ジャパン;Japan;Japan;Japan;Japan;;;;;;;;;;;;;;;;;;;;;;;;;;;;;;;;;;;;;;;;;;;;;;;;;;;;;;;;;;;;;;;;;;;;;;;;;;;;;;;;;;;;;;;;;;;;;;;;;;;;;;;;;;;;;;;;;;;;;;;;;;;;;;;;;;;;;;;;;;;;;;;;;;;;;;;;;;;;;;;;;;;;;;;;;;;;;;;;;;;;;;;;;;;;;;;;;;;;;;;;;;;;;;;;;;;;;;;;;;;;;;;;;;;;;;;;;;;;;;;;;;;;;;;;
m309;Dansk;繁体;ダンスク;Dansk;Dansk;Dansk;Dansk;;;;;;;;;;;;;;;;;;;;;;;;;;;;;;;;;;;;;;;;;;;;;;;;;;;;;;;;;;;;;;;;;;;;;;;;;;;;;;;;;;;;;;;;;;;;;;;;;;;;;;;;;;;;;;;;;;;;;;;;;;;;;;;;;;;;;;;;;;;;;;;;;;;;;;;;;;;;;;;;;;;;;;;;;;;;;;;;;;;;;;;;;;;;;;;;;;;;;;;;;;;;;;;;;;;;;;;;;;;;;;;;;;;;;;;;;;;;;;;;;;;;;;;;
m310;扫码查看教程;掃碼查看教程;スイープ表示チュートリアル;扫码查看教程;Scan Code View Tutorial;扫码查看教程;扫码查看教程;;;;;;;;;;;;;;;;;;;;;;;;;;;;;;;;;;;;;;;;;;;;;;;;;;;;;;;;;;;;;;;;;;;;;;;;;;;;;;;;;;;;;;;;;;;;;;;;;;;;;;;;;;;;;;;;;;;;;;;;;;;;;;;;;;;;;;;;;;;;;;;;;;;;;;;;;;;;;;;;;;;;;;;;;;;;;;;;;;;;;;;;;;;;;;;;;;;;;;;;;;;;;;;;;;;;;;;;;;;;;;;;;;;;;;;;;;;;;;;;;;;;;;;;
m311;蓝牙未连接，更新失败;藍牙未連接，更新失敗;Bluetoothが接続されていないため、アップデートに失敗しました;蓝牙未连接，更新失败;Bluetooth not connected, update failed;蓝牙未连接，更新失败;蓝牙未连接，更新失败;;;;;;;;;;;;;;;;;;;;;;;;;;;;;;;;;;;;;;;;;;;;;;;;;;;;;;;;;;;;;;;;;;;;;;;;;;;;;;;;;;;;;;;;;;;;;;;;;;;;;;;;;;;;;;;;;;;;;;;;;;;;;;;;;;;;;;;;;;;;;;;;;;;;;;;;;;;;;;;;;;;;;;;;;;;;;;;;;;;;;;;;;;;;;;;;;;;;;;;;;;;;;;;;;;;;;;;;;;;;;;;;;;;;;;;;;;;;;;;;;;;;;;;;
m312;压力;壓力;圧力;压力;Pressure;压力;压力;;;;;;;;;;;;;;;;;;;;;;;;;;;;;;;;;;;;;;;;;;;;;;;;;;;;;;;;;;;;;;;;;;;;;;;;;;;;;;;;;;;;;;;;;;;;;;;;;;;;;;;;;;;;;;;;;;;;;;;;;;;;;;;;;;;;;;;;;;;;;;;;;;;;;;;;;;;;;;;;;;;;;;;;;;;;;;;;;;;;;;;;;;;;;;;;;;;;;;;;;;;;;;;;;;;;;;;;;;;;;;;;;;;;;;;;;;;;;;;;;;;;;;;;
m313;00:00;00:00;00:00;00:00;00:00;00:00;00:00
m314;06:00;06:00;06:00;06:00;06:00;06:00;06:00
m315;12:00;12:00;12:00;12:00;12:00;12:00;12:00
m316;18:00;18:00;18:00;18:00;18:00;18:00;18:00
m317;24:00;24:00;24:00;24:00;24:00;24:00;24:00
m318;20;20;20;20;20;20;20
m319;40;40;40;40;40;40;40
m320;60;60;60;60;60;60;60
m321;80;80;80;80;80;80;80
m322;100;100;100;100;100;100;100
m323;最近;最近;ジャパニーズ;最近;Recently;最近;最近
m324;放松;放鬆;リラックス;放松;Relax;放松;放松
m325;低压;低壓;低圧;低压;Low pressure;低压;低压
m326;中压;中壓;ちゅうあつ;中压;Medium pressure;中压;中压
m327;高压;高壓;高圧;高压;High pressure;高压;高压
m328;0;0;0;0;0;0;0
m329;;;;;;;
m330;;;;;;;
m331;;;;;;;
m332;;;;;;;
m333;;;;;;;
m334;;;;;;;
m335;;;;;;;
m336;;;;;;;
m337;;;;;;;
m338;;;;;;;
m339;;;;;;;
m340;;;;;;;
m341;;;;;;;
m342;;;;;;;
m343;;;;;;;
m344;;;;;;;
m345;;;;;;;
m346;;;;;;;
m347;;;;;;;
m348;;;;;;;
m349;;;;;;;
m350;下一步;下一步;次へ;下一步;Next;下一步;下一步
m351;一;一;一;一;一;一;一
m352;二;二;二;二;二;二;二
m353;三;三;三;三;三;三;三
m354;四;四;四;四;四;四;四
m355;五;五;五;五;五;五;五
m356;六;六;六;六;六;六;六
m357;日;日;日;日;日;日;日
m358;AM;AM;AM;AM;AM;AM;AM
m359;PM;PM;PM;PM;PM;PM;PM
m360;编辑闹钟;編輯鬧鐘;アラームを編集;编辑闹钟;Edit alarm clock;编辑闹钟;编辑闹钟
m361;删除;刪除;削除;删除;Delete;删除;删除
m362;更改时间;更改時間;時間の変更;更改时间;Change time;更改时间;更改时间
m363;重复;重複;くりかえす;重复;Repeat;重复;重复
m364;不重复;不重複;繰り返しなし;不重复;Do not repeat;不重复;不重复
m365;闹钟已达上限;鬧鐘已達上限;目覚まし時計がじょうげんにいたった;闹钟已达上限;The alarm clock has reached its upper limit.;闹钟已达上限;闹钟已达上限
m366;重复;重複;くりかえす;重复;Repeat;重复;重复
m367;每天;每天;毎日;每天;Every day;每天;每天
m368;蓝牙未连接;藍牙未連接;Bluetoothが接続されていません;蓝牙未连接;Bluetooth not connected;蓝牙未连接;蓝牙未连接
m369;正在响铃;正在響鈴;ベルが鳴っている;正在响铃;Is ringing;正在响铃;正在响铃
m370;锻炼;鍛煉;鍛える;锻炼;Exercise;锻炼;锻炼
m371;恢复时间;恢復時間;かいふくじかん;恢复时间;Recovery time;恢复时间;恢复时间
m372;小时;小時;時間;小时;Hours;小时;小时
m373;户外跑步;戶外跑步;アウトドアランニング;户外跑步;Outdoor running;户外跑步;户外跑步
m374;室内跑步;室內跑步;インドアランニング;室内跑步;Indoor running;室内跑步;室内跑步
m375;户外步行;戶外步行;屋外歩行;户外步行;Outdoor walking;户外步行;户外步行
m376;室内步行;室內步行;屋内歩行;室内步行;Indoor walking;室内步行;室内步行
m377;户外骑行;戶外騎行;屋外サイクリング;户外骑行;Outdoor riding;户外骑行;户外骑行
m378;室内单车;室內單車;室内自転車;室内单车;Indoor bicycle;室内单车;室内单车
m379;泳池游泳;泳池游泳;プールで泳ぐ;泳池游泳;Swimming pool;泳池游泳;泳池游泳
m380;登山;登山;山に登る;登山;Mountaineering;登山;登山
m381;徒步;徒步;徒歩;徒步;Hiking;徒步;徒步
m382;越野跑;越野跑;クロスカントリー;越野跑;Cross-country running;越野跑;越野跑
m383;自由训练;自由訓練;じゆう訓練;自由训练;Free training;自由训练;自由训练
m384;跑步课程;跑步課程;ランニングコース;跑步课程;Running course;跑步课程;跑步课程
m385;0;0;0;0;0;0;0
m386;1;1;1;1;1;1;1
m387;2;2;2;2;2;2;2
m388;3;3;3;3;3;3;3
m389;4;4;4;4;4;4;4
m390;5;5;5;5;5;5;5
m391;6;6;6;6;6;6;6
m392;7;7;7;7;7;7;7
m393;8;8;8;8;8;8;8
m394;9;9;9;9;9;9;9
m395;分钟;分鐘;分;分钟;Minutes;分钟;分钟
m396;公里;公里;キロ;公里;Kilometer;公里;公里
m397;千卡;千卡;キロカロリー;千卡;Kcal;千卡;千卡
m398;自定义;自定義;カスタマイズ;自定义;Custom;自定义;自定义
m399;无目标;無目標;目標なし;无目标;No goal;无目标;无目标
m400;设置;設置;設定;设置;Settings;设置;设置
m401;目标;目標;ターゲット;目标;Objectives;目标;目标
m402;提醒;提醒;リマインダ;提醒;Reminder;提醒;提醒
m403;间隔提醒;間隔提醒;間隔リマインダ;间隔提醒;Interval reminder;间隔提醒;间隔提醒
m404;心率提醒;心率提醒;心拍数リマインダ;心率提醒;Heart rate reminder;心率提醒;心率提醒
m405;训练效果;訓練效果;訓練効果;训练效果;Training effect;训练效果;训练效果
m406;无提醒;無提醒;リマインダなし;无提醒;No reminder;无提醒;无提醒
m407;心率范围;心率範圍;心拍数範囲;心率范围;Heart rate range;心率范围;心率范围
m408;高效燃脂;高效燃脂;こうりつねんしょうグリース;高效燃脂;High efficiency fat burning;高效燃脂;高效燃脂
m409;心肺提示;心肺提示;心肺提示;心肺提示;Cardiopulmonary cues;心肺提示;心肺提示
m410;恢复训练;恢復訓練;回復訓練;恢复训练;Recovery training;恢复训练;恢复训练
m411;自定义;自定義;カスタマイズ;自定义;Custom;自定义;自定义
m412;泳池长度;泳池長度;プール長;泳池长度;Pool length;泳池长度;泳池长度
m413;自动分段;自動分段;自動分割;自动分段;Automatic segmentation;自动分段;自动分段
m414;门课程;門課程;教科;门课程;Course;门课程;门课程
m415;定位中...;定位中...;配置中...;定位中...;Positioning...;定位中...;定位中...
m416;准备就绪;準備就緒;準備完了;准备就绪;Ready;准备就绪;准备就绪
m417;请在空旷处继续等待;請在空曠處繼續等待;空いているところで待っていてください;请在空旷处继续等待;Please continue to wait in the open space.;请在空旷处继续等待;请在空旷处继续等待
m418;单击下键开始运动;單擊下鍵開始運動;下をクリックしてモーションを開始;单击下键开始运动;Click the down key to start the movement.;单击下键开始运动;单击下键开始运动
m419;户外跑步;戶外跑步;アウトドアランニング;户外跑步;Outdoor running;户外跑步;户外跑步
m420;室内跑步;室內跑步;インドアランニング;室内跑步;Indoor running;室内跑步;室内跑步
m421;户外步行;戶外步行;屋外歩行;户外步行;Outdoor walking;户外步行;户外步行
m422;室内步行;室內步行;屋内歩行;室内步行;Indoor walking;室内步行;室内步行
m423;户外骑行;戶外騎行;屋外サイクリング;户外骑行;Outdoor riding;户外骑行;户外骑行
m424;室内单车;室內單車;室内自転車;室内单车;Indoor bicycle;室内单车;室内单车
m425;泳池游泳;泳池游泳;プールで泳ぐ;泳池游泳;Swimming pool;泳池游泳;泳池游泳
m426;登山;登山;山に登る;登山;Mountaineering;登山;登山
m427;徒步;徒步;徒歩;徒步;Hiking;徒步;徒步
m428;越野跑;越野跑;クロスカントリー;越野跑;Cross-country running;越野跑;越野跑
m429;自由训练;自由訓練;じゆう訓練;自由训练;Free training;自由训练;自由训练
m430;距离;距離;距離;距离;Distance;距离;距离
m431;时间;時間;時間;时间;Time;时间;时间
m432;热量;熱量;熱量;热量;Heat;热量;热量
m433;无目标;無目標;目標なし;无目标;No goal;无目标;无目标
m434;0;0;0;0;0;0;0
m435;1;1;1;1;1;1;1
m436;2;2;2;2;2;2;2
m437;3;3;3;3;3;3;3
m438;4;4;4;4;4;4;4
m439;5;5;5;5;5;5;5
m440;6;6;6;6;6;6;6
m441;7;7;7;7;7;7;7
m442;8;8;8;8;8;8;8
m443;9;9;9;9;9;9;9
m444;分钟;分鐘;分;分钟;Minutes;分钟;分钟
m445;公里;公里;キロ;公里;Kilometer;公里;公里
m446;千卡;千卡;キロカロリー;千卡;Kcal;千卡;千卡
m447;自定义;自定義;カスタマイズ;自定义;Custom;自定义;自定义
m448;无目标;無目標;目標なし;无目标;No goal;无目标;无目标
m449;半马;半馬;半馬;半马;Half horse;半马;半马
m450;全马;全馬;全馬;全马;All horse;全马;全马
m451;点击开始;點擊開始;クリックして開始;点击开始;Click Start;点击开始;点击开始
m452;1分钟;1分鐘;1分;1分钟;1 min;1分钟;1分钟
m453;2分钟;2分鐘;2分;2分钟;2 minutes;2分钟;2分钟
m454;3分钟;3分鐘;3分;3分钟;3 minutes;3分钟;3分钟
m455;稍快;稍快;いささか速い;稍快;Slightly faster;稍快;稍快
m456;舒缓;舒緩;ゆっくり;舒缓;Soothing;舒缓;舒缓
m457;缓慢;緩慢;緩慢;缓慢;Slow;缓慢;缓慢
m458;呼吸时长;呼吸時長;呼吸時間;呼吸时长;Breathing duration;呼吸时长;呼吸时长
m459;呼吸节奏;呼吸節奏;呼吸リズム;呼吸节奏;Breathing rhythm;呼吸节奏;呼吸节奏
m460;稍快;稍快;いささか速い;稍快;Slightly faster;稍快;稍快
m461;舒缓;舒緩;ゆっくり;舒缓;Soothing;舒缓;舒缓
m462;缓慢;緩慢;緩慢;缓慢;Slow;缓慢;缓慢
m463;次/分;次/分;サブ/サブ;次/分;Times/minute;次/分;次/分
m464;次/分;次/分;サブ/サブ;次/分;Times/minute;次/分;次/分
m465;呼吸前心率;呼吸前心率;前呼吸心拍数;呼吸前心率;Prerespiratory heart rate;呼吸前心率;呼吸前心率
m466;训练时长;訓練時長;訓練時間;训练时长;Training duration;训练时长;训练时长
m467;本次呼吸训练表现;本次呼吸訓練表現;今回の呼吸訓練は;本次呼吸训练表现;Performance of this respiratory training;本次呼吸训练表现;本次呼吸训练表现
m468;一般，多加努力;一般，多加努力;普通、もっと努力して;一般，多加努力;In general, work harder;一般，多加努力;一般，多加努力
m469;一般;一般;一般;一般;General;一般;一般
m470;勿扰;勿擾;邪魔しないで;勿扰;Do not disturb;勿扰;勿扰
m471;亮屏;亮屏;明るい画面;亮屏;Bright screen;亮屏;亮屏
m472;找手机;找手機;携帯電話を探す;找手机;Looking for a cell phone;找手机;找手机
m473;闹钟;鬧鐘;目覚まし時計;闹钟;Alarm clock;闹钟;闹钟
m474;设置;設置;設定;设置;Settings;设置;设置
m475;星期一;星期一;月曜日;星期一;Monday;星期一;星期一
m476;星期二;星期二;火曜日;星期二;Tuesday;星期二;星期二
m477;星期三;星期三;水曜日;星期三;Wednesday;星期三;星期三
m478;星期四;星期四;木曜日;星期四;Thursday;星期四;星期四
m479;星期五;星期五;金曜日;星期五;Friday;星期五;星期五
m480;星期六;星期六;土曜日;星期六;Saturday;星期六;星期六
m481;星期日;星期日;日曜日;星期日;Sunday;星期日;星期日
m482;屏幕将常亮;螢幕將常亮;画面が常時点灯;屏幕将常亮;The screen will always be on;屏幕将常亮;屏幕将常亮
m483;亮屏时刻已关闭;亮屏時刻已關閉;ハイライト表示がオフになっています;亮屏时刻已关闭;The bright screen is closed;亮屏时刻已关闭;亮屏时刻已关闭
m484;勿扰模式已开启;勿擾模式已開啟;スクランブルなしモードがオンになっています;勿扰模式已开启;Do not disturb mode is turned on;勿扰模式已开启;勿扰模式已开启
m485;勿扰模式已关闭;勿擾模式已關閉;シャットダウンモードがオフになりました;勿扰模式已关闭;Do not disturb mode is turned off;勿扰模式已关闭;勿扰模式已关闭
m486;抬腕不亮屏;抬腕不亮屏;腕を上げて画面を明るくしない;抬腕不亮屏;Wrist lift does not shine;抬腕不亮屏;抬腕不亮屏
m487;   ;   ;;   ;   ;   ;   
m488;开启后，来电和通知;開啟後，來電和通知;オンにすると、着信と通知;开启后，来电和通知;After opening, incoming calls and notifications;开启后，来电和通知;开启后，来电和通知
m489;不震动，抬腕不亮;不震動，抬腕不亮;震動もせず、腕を上げても明るくない;不震动，抬腕不亮;No vibration, no wrist lift;不震动，抬腕不亮;不震动，抬腕不亮
m490;屏。是否开启？;屏。是否開啟？;スクリーン。オンにしますか。;屏。是否开启？;Screen. Is it on?;屏。是否开启？;屏。是否开启？
m491;吸气;吸氣;きゅうき;吸气;Inhale;吸气;吸气
m492;呼气;呼氣;呼気;呼气;Exhale;呼气;呼气
m493;高度计;高度計;高度計;高度计;Altimeter;高度计;高度计
m494;米;米;米;米;Meter;米;米
m495;00:00;00:00;00:00;00:00;00:00;00:00;00:00
m496;12:00;12:00;12:00;12:00;12:00;12:00;12:00
m497;24:00;24:00;24:00;24:00;24:00;24:00;24:00
m498;气压计;氣壓計;気圧計;气压计;barometer;气压计;气压计
m499;百帕;百帕;ヘクトパスカル;百帕;hPa;百帕;百帕
m500;温度：;溫度：;温度：;温度：;Temperature:;温度：;温度：
m501;湿度：;濕度：;湿度：;湿度：;Humidity:;湿度：;湿度：
m502;风向：;風向：;風向き：;风向：;Wind direction:;风向：;风向：
m503;风力：;風力：;風力：;风力：;Wind power:;风力：;风力：
m504;更新时间：;更新時間：;更新時間：;更新时间：;Update time:;更新时间：;更新时间：
m505;无风向;無風向;風向きがない;无风向;No wind direction;无风向;无风向
m506;东;東;東;东;East;东;东
m507;南;南;南;南;South;南;南
m508;西;西;西;西;west;西;西
m509;北;北;北;北;North;北;北
m510;东南;東南;東南;东南;Southeast;东南;东南
m511;东北;東北;東北;东北;Northeast China;东北;东北
m512;西北;西北;北西;西北;Northwest;西北;西北
m513;西南;西南;南西;西南;Southwest;西南;西南
m514;不定;不定;不定;不定;Indefinite;不定;不定
m515;晴;晴;晴れる;晴;Sunny;晴;晴
m516;少云;少雲;しょううん;少云;Shaoyun;少云;少云
m517;晴间多云;晴間多雲;晴れ間曇り;晴间多云;Sunny and cloudy;晴间多云;晴间多云
m518;多云;多雲;曇り;多云;Cloudy;多云;多云
m519;阴;陰;曇る;阴;cloudy;阴;阴
m520;有风;有風;風が吹く;有风;There is wind;有风;有风
m521;平静;平靜;平穏;平静;Calm;平静;平静
m522;大风;大風;大風;大风;Gale;大风;大风
m523;飓风;颶風;ハリケーン;飓风;Hurricane;飓风;飓风
m524;风暴;風暴;あらし;风暴;Storm;风暴;风暴
m525;霾;霾;煙霧;霾;haze;霾;霾
m526;阵雨;陣雨;にわか雨;阵雨;Showers;阵雨;阵雨
m527;雷阵雨;雷陣雨;夕立;雷阵雨;Thundershower;雷阵雨;雷阵雨
m528;雷阵雨并伴有冰雹;雷陣雨並伴有冰雹;雹を伴う夕立;雷阵雨并伴有冰雹;Thunderstorms with hail;雷阵雨并伴有冰雹;雷阵雨并伴有冰雹
m529;小雨;小雨;小雨;小雨;Light rain;小雨;小雨
m530;中雨;中雨;中雨;中雨;Moderate rain;中雨;中雨
m531;大雨;大雨;大雨;大雨;Heavy rain;大雨;大雨
m532;暴雨;暴雨;豪雨;暴雨;Heavy rain;暴雨;暴雨
m533;大暴雨;大暴雨;豪雨;大暴雨;Heavy rain;大暴雨;大暴雨
m534;特大暴雨;特大暴雨;ゲリラ豪雨;特大暴雨;Extraordinary torrential rain;特大暴雨;特大暴雨
m535;强阵雨;強陣雨;にわか雨;强阵雨;Strong showers;强阵雨;强阵雨
m536;强雷阵雨;強雷陣雨;雷雨;强雷阵雨;Strong thunderstorm;强雷阵雨;强雷阵雨
m537;极端阵雨;極端陣雨;極端なにわか雨;极端阵雨;Extreme showers;极端阵雨;极端阵雨
m538;雨夹雪;雨夾雪;みぞれ;雨夹雪;sleet;雨夹雪;雨夹雪
m539;雪;雪;雪;雪;Snow;雪;雪
m540;阵雪;陣雪;陣雪;阵雪;Snow showers;阵雪;阵雪
m541;小雪;小雪;小雪;小雪;Light snow;小雪;小雪
m542;中雪;中雪;中雪;中雪;Medium snow;中雪;中雪
m543;大雪;大雪;大雪;大雪;Heavy snow;大雪;大雪
m544;暴雪;暴雪;豪雪;暴雪;Blizzard;暴雪;暴雪
m545;浮尘;浮塵;浮塵;浮尘;Floating dust;浮尘;浮尘
m546;扬沙;揚沙;揚沙;扬沙;Yangsha;扬沙;扬沙
m547;沙尘暴;沙塵暴;黄砂;沙尘暴;Sandstorm;沙尘暴;沙尘暴
m548;强沙尘暴;強沙塵暴;大砂嵐;强沙尘暴;Strong sandstorm;强沙尘暴;强沙尘暴
m549;龙卷风;龍捲風;竜巻;龙卷风;Tornado;龙卷风;龙卷风
m550;雾;霧;霧;雾;fog;雾;雾
m551;热;熱;ねつ;热;hot;热;热
m552;冷;冷;冷たい;冷;cold;冷;冷
m553;未知;未知;不明;未知;Unknown;未知;未知
m554;静音模式开启后，来电、;靜音模式開啟後，來電、;サイレントモードをオンにすると、着信、;静音模式开启后，来电、;After the mute mode is turned on, the incoming call,;静音模式开启后，来电、;静音模式开启后，来电、
m555;闹钟、通知、计时器;鬧鐘、通知、計時器;目覚まし時計、通知、タイマー;闹钟、通知、计时器;Alarm clock, notification, timer;闹钟、通知、计时器;闹钟、通知、计时器
m556;无铃声提醒。;無鈴聲提醒。;アラームなし。;无铃声提醒。;No bell reminder.;无铃声提醒。;无铃声提醒。
m557;智能闹钟;智能鬧鐘;スマート目覚まし時計;智能闹钟;Smart alarm clock;智能闹钟;智能闹钟
m558;锻炼;鍛煉;鍛える;锻炼;Exercise;锻炼;锻炼
m559;锻炼记录;鍛煉記錄;運動記録;锻炼记录;Exercise record;锻炼记录;锻炼记录
m560;训练状态;訓練狀態;訓練状態;训练状态;Training status;训练状态;训练状态
m561;心率;心率;心拍数;心率;Heart rate;心率;心率
m562;血氧饱和度;血氧飽和度;酸素飽和度;血氧饱和度;Blood oxygen saturation;血氧饱和度;血氧饱和度
m563;活动记录;活動記錄;活動記録;活动记录;Activity record;活动记录;活动记录
m564;睡眠;睡眠;すいみん;睡眠;Sleep;睡眠;睡眠
m565;压力;壓力;圧力;压力;Pressure;压力;压力
m566;呼吸训练;呼吸訓練;呼吸訓練;呼吸训练;Breathing training;呼吸训练;呼吸训练
m567;通话记录;通話記錄;通話記録;通话记录;Call log;通话记录;通话记录
m568;常用联系人;常用聯繫人;一般的な連絡先;常用联系人;Common contacts;常用联系人;常用联系人
m569;音乐;音樂;音楽;音乐;Music;音乐;音乐
m570;海拔气压计;海拔氣壓計;高度気圧計;海拔气压计;Altitude barometer;海拔气压计;海拔气压计
m571;指南计;指南計;ガイドメータ;指南计;Guidebook;指南计;指南计
m572;信息;資訊;情報;信息;Information;信息;信息
m573;天气;天氣;天気;天气;Weather;天气;天气
m574;卡包;卡包;カードケース;卡包;Card Pack;卡包;卡包
m575;支付宝;支付寶;支付宝;支付宝;Alipay;支付宝;支付宝
m576;秒表;碼錶;ストップウォッチ;秒表;Stopwatch;秒表;秒表
m577;计时器;計時器;タイマー;计时器;Timer;计时器;计时器
m578;闹钟;鬧鐘;目覚まし時計;闹钟;Alarm clock;闹钟;闹钟
m579;手电筒;手電筒;懐中電灯;手电筒;Flashlight;手电筒;手电筒
m580;找手机;找手機;携帯電話を探す;找手机;Looking for a cell phone;找手机;找手机
m581;PC模式;PC模式;PCモード;PC模式;PC mode;PC模式;PC模式
m582;界面风格;介面風格;インターフェイススタイル;界面风格;Interface style;界面风格;界面风格
m583;垂直列表;垂直列表;垂直リスト;垂直列表;Vertical list;垂直列表;垂直列表
m584;矩阵列表;矩陣列表;マトリックスリスト;矩阵列表;Matrix list;矩阵列表;矩阵列表
m585;满天星;滿天星;満天の星;满天星;Gypsophila;满天星;满天星
m586;静息;靜息;安静;静息;Rest;静息;静息
m587;极限;極限;極限;极限;Limit;极限;极限
m588;无氧耐力;無氧耐力;むさんそたいきゅうりょく;无氧耐力;Anaerobic endurance;无氧耐力;无氧耐力
m589;有氧耐力;有氧耐力;有酸素持久力;有氧耐力;Anaerobic endurance;有氧耐力;有氧耐力
m590;燃脂;燃脂;ねんしょうグリース;燃脂;Fat Burning;燃脂;燃脂
m591;热身;熱身;ウォーミングアップ;热身;Warm-up;热身;热身
m592;分钟;分鐘;分;分钟;Minutes;分钟;分钟
m593;心率区间;心率區間;心拍区間;心率区间;Heart rate interval;心率区间;心率区间
m594;50;51;50.000000;53;54;55;56
m595;100;101;100.000000;103;104;105;106
m596;150;151;150.000000;153;154;155;156
m597;200;201;202.000000;203;204;205;206
m598;血氧饱和度 >;血氧飽和度 >;＜血中酸素飽和度＞;血氧饱和度 >;Blood oxygen saturation >;血氧饱和度 >;血氧饱和度 >
m599;心率(bpm);心率(bpm);心拍数(bpm);心率(bpm);Heart rate (bpm);心率(bpm);心率(bpm)
m600;正在测量;正在測量;測定中;正在测量;Measuring;正在测量;正在测量
m601;再次测量;再次測量;再測定;再次测量;Measure again;再次测量;再次测量
m602;血氧测量中;血氧測量中;血液酸素測定中;血氧测量中;In blood oxygen measurement;血氧测量中;血氧测量中
m603;请保持静止;請保持靜止;じっとしていてください;请保持静止;Please remain still;请保持静止;请保持静止
m604;请佩戴手表测量;請佩戴手錶測量;腕時計を身につけて測定してください;请佩戴手表测量;Please wear a watch for measurement.;请佩戴手表测量;请佩戴手表测量
m605;请偏紧佩戴，屏幕;請偏緊佩戴，螢幕;しっかりつけて、画面を上にして、静止してください。;请偏紧佩戴，屏幕;Please wear it tightly ;请偏紧佩戴，屏幕;请偏紧佩戴，屏幕
m606; 检测到跌倒; 檢測到跌倒;転倒を検知して10秒後に緊急救助を呼びかける; 检测到跌倒; An emergency call for help ; 检测到跌倒; 检测到跌倒
m607; 久坐一小时了; 久坐一小時了;1時間座ってるから起きて運動しよう; 久坐一小时了; Sitting for an hour, get up and exercise; 久坐一小时了; 久坐一小时了
m608;心率曲线;心率曲線;心拍曲線;心率曲线;Heart rate curve;心率曲线;心率曲线
m609;平均;平均;平均;平均;Average;平均;平均
m610;次/分;次/分;サブ/サブ;次/分;Times/minute;次/分;次/分
m611;震动设置;震動設置;振動設定;震动设置;Vibration setting;震动设置;震动设置
m612;是否确认修改语言;是否確認修改語言;言語の変更を確認するかどうか;是否确认修改语言;Whether to confirm the language modification;是否确认修改语言;是否确认修改语言
m613;选择;選擇;選択;选择;Selection;选择;选择
m614;配速;配速;そくどを合わせる;配速;pace;配速;配速
m615;步频;步頻;ステップしゅうはすう;步频;stride frequency;步频;步频
m616;数据不足;數據不足;データ不足;数据不足;The data is not enough;数据不足;数据不足
m617;需要一周锻炼记录;需要一周鍛煉記錄;1週間の運動記録が必要だ;需要一周锻炼记录;A weekly exercise log is required;需要一周锻炼记录;需要一周锻炼记录
m618;体能;體能;体力;体能;physical;体能;体能
m619;负荷;負荷;荷重;负荷;Exercise load;负荷;负荷
m620;恢复时间;恢復時間;かいふくじかん;恢复时间;Exercise recovery time;恢复时间;恢复时间
m621;可正常训练;可正常訓練;正常に訓練することができる;可正常训练;Trainable;可正常训练;可正常训练
m622;训练负荷;訓練負荷;訓練負荷;训练负荷;The training load;训练负荷;训练负荷
m623;无值;無值;値なし;无值;A null value;无值;无值
m624;最近7天;最近7天;過去7日間;最近7天;In recent 7 days;最近7天;最近7天
m625;最大摄氧量;最大攝氧量;最大酸素摂取量;最大摄氧量;Maximal oxygen uptake;最大摄氧量;最大摄氧量
m626;通过户外跑步获取该值;通過戶外跑步獲得該值;屋外でのランニングで値を取得;通过户外跑步获取该值;Get this value by running outdoors;通过户外跑步获取该值;通过户外跑步获取该值
m627;不建议继续训练;不建議繼續訓練;トレーニングの継続はお勧めしません;不建议继续训练;Further training is not recommended;不建议继续训练;不建议继续训练
m628;跑步课程;跑步課程;ランニングコース;跑步课程;Running course;跑步课程;跑步课程
m629;跑走结合初级;跑走結合初級;走歩結合初級;跑走结合初级;Run and walk with beginner;跑走结合初级;跑走结合初级
m630;跑走结合进阶;跑走結合進階;走れ走れステップアップ;跑走结合进阶;Run and walk combined with advance;跑走结合进阶;跑走结合进阶
m631;轻松慢跑;輕鬆慢跑;軽快なジョギング;轻松慢跑;Easy jogging;轻松慢跑;轻松慢跑
m632;轻松燃脂跑;輕鬆燃脂跑;軽快に脂肪を燃やして走る;轻松燃脂跑;Easily burn fat run;轻松燃脂跑;轻松燃脂跑
m633;强化燃脂跑;强化燃脂跑;強化グリースラン;强化燃脂跑;Strengthen fat burning run;强化燃脂跑;强化燃脂跑
m634;MIIT燃脂跑;MIIT燃脂跑;MIIT燃焼脂走;MIIT燃脂跑;MIIT Burning fat to run;MIIT燃脂跑;MIIT燃脂跑
m635;MAF180初级;MAF180初級;MAF180初級;MAF180初级;MAF180 with beginner;MAF180初级;MAF180初级
m636;MAF180进阶;MAF180進階;MAF180ステップアップ;MAF180进阶;MAF180 with advance;MAF180进阶;MAF180进阶
m637;有氧耐力跑;有氧耐力跑;有酸素持久走;有氧耐力跑;Aerobic endurance running;有氧耐力跑;有氧耐力跑
m638;LSD长距离慢跑;LSD長距離慢跑;LSD長距離ジョギング;LSD长距离慢跑;LSD Long jog;LSD长距离慢跑;LSD长距离慢跑
m639;乳酸门槛跑;乳酸門檻跑;乳酸敷居走;乳酸门槛跑;Lactate threshold running;乳酸门槛跑;乳酸门槛跑
m640;分段跑初级;分段跑初級;セグメンテーション初級;分段跑初级;Piecewise run with beginner;分段跑初级;分段跑初级
m641;分段跑进阶;分段跑進階;ステップアップ;分段跑进阶;Piecewise run with advance;分段跑进阶;分段跑进阶
m642;22分钟;22分鐘;22分;22分钟;22minutes;22分钟;22分钟
m643;25分钟;25分鐘;25分;25分钟;25minutes;25分钟;25分钟
m644;26分钟;26分鐘;26分;26分钟;26minutes;26分钟;26分钟
m645;27分钟;27分鐘;27分;27分钟;27minutes;27分钟;27分钟
m646;28分钟;28分鐘;28分;28分钟;28minutes;28分钟;28分钟
m647;30分钟;30分鐘;30分;30分钟;30minutes;30分钟;30分钟
m648;36分钟;36分鐘;36分;36分钟;36minutes;36分钟;36分钟
m649;37分钟;37分鐘;37分;37分钟;37minutes;37分钟;37分钟
m650;46分钟;46分鐘;46分;46分钟;46minutes;46分钟;46分钟
m651;66分钟;66分鐘;66分;66分钟;66minutes;66分钟;66分钟
m652;运动记录过少，;運動記錄過少，;運動記録が少ないので、運動を再開してください;运动记录过少，;Too little movement was recorded,;运动记录过少，;运动记录过少，
m653;运动时间过长，;運動時間過長，;運動時間が長すぎるので、ひとまず休んでください;运动时间过长，;Exercise for too long,;运动时间过长，;运动时间过长，
m654;请打开APP查看详情;請打開APP查看詳情;詳細を表示するには、APPを開いてください;请打开APP查看详情;Please open the APP for details;请打开APP查看详情;请打开APP查看详情
m655;睡眠得分;睡眠得分;睡眠スコア;睡眠得分;Sleep score;睡眠得分;睡眠得分
m656;深睡比例;深睡比例;深寝率;深睡比例;Proportion of deep sleep;深睡比例;深睡比例
m657;浅睡比例;浅睡比例;浅い眠りの割合;浅睡比例;Proportion of shallow;浅睡比例;浅睡比例
m658;rem比例;rem比例;remスケール;rem比例;Proportion of rem sleep;rem比例;rem比例
m659;未更新;未更新;更新されていません;未更新;Not updated;未更新;未更新
m660;偏低;偏低;低位;偏低;On the low side;偏低;偏低
m661;正常;正常;ノーマル;正常;NORMAL;正常;正常
m662;偏高;偏高;高め;偏高;On the high side;偏高;偏高
m663;睡眠连续性;睡眠連續性;スリープコンティニュイティ;睡眠连续性;Continuous sleep;睡眠连续性;睡眠连续性
m664;分;分;分;分;Score;分;分
m665;超过卡片数量上限;超過卡片數量上限;カード数の上限を超えました;超过卡片数量上限;The number of cards exceeds the upper limit;超过卡片数量上限;超过卡片数量上限;;;;;;;;;;;;;;;
m666;记录保存中;記錄保存中;レコード保存中;记录保存中;Record saving;记录保存中;记录保存中;;;;;;;;;;;;;;;
m667;当前实时心率：;當前實時心率：;現在のリアルタイム心拍数：設定心拍数を超えています：呼吸を調整してください。もし不調があったら診察を受けてください！;当前实时心率：;Current real-time heart rate:;当前实时心率：;当前实时心率：;;;;;;;;;;;;;;;
m668;蓝牙设置;藍牙設置;Bluetooth設定;蓝牙设置;The bluetooth Settings;蓝牙设置;蓝牙设置;;;;;;;;;;;;;;;
m669;经典蓝牙;經典藍牙;クラシックBluetooth;经典蓝牙;Classic bluetooth;经典蓝牙;经典蓝牙;;;;;;;;;;;;;;;
;;;;;;;;;;;;;;;;;;;;;;
;;;;;;;;;;;;;;;;;;;;;;
;;;;;;;;;;;;;;;;;;;;;;
;;;;;;;;;;;;;;;;;;;;;;
;;;;;;;;;;;;;;;;;;;;;;
;;;;;;;;;;;;;;;;;;;;;;
;;;;;;;;;;;;;;;;;;;;;;
;;;;;;;;;;;;;;;;;;;;;;
;;;;;;;;;;;;;;;;;;;;;;
;;;;;;;;;;;;;;;;;;;;;;
;;;;;;;;;;;;;;;;;;;;;;
;;;
;;;
;;;
;;;
;;;
;;;
;;;
;;;
;;;
;;;
;;;
;;;
